{
    "dataset_summary": {
        "total_images": 9823,
        "categories": {
            "Apple__Rotten": 2925,
            "Apple__Healthy": 2438,
            "Mango__Rotten": 2247,
            "Mango__Healthy": 1813,
            "Guava__Healthy": 200,
            "Guava__Rotten": 200
        },
        "image_size_stats": {
            "height": {
                "count": 9823.0,
                "mean": 447.41229766873664,
                "std": 584.7545089136224,
                "min": 100.0,
                "25%": 224.0,
                "50%": 258.0,
                "75%": 386.0,
                "max": 4160.0
            },
            "width": {
                "count": 9823.0,
                "mean": 472.4292985849537,
                "std": 631.4591105466698,
                "min": 100.0,
                "25%": 224.0,
                "50%": 312.0,
                "75%": 406.0,
                "max": 4160.0
            },
            "size": {
                "count": 9823.0,
                "mean": 142398.7238114629,
                "std": 320304.8609176861,
                "min": 2313.0,
                "25%": 6725.5,
                "50%": 83688.0,
                "75%": 149030.5,
                "max": 4660208.0
            }
        }
    },
    "quality_metrics": {
        "blurriness": {
            "count": 9823.0,
            "mean": 538.9257841153578,
            "std": 821.5481706798241,
            "min": 1.5195853362466838,
            "25%": 63.41332130479793,
            "50%": 336.63370424952774,
            "75%": 583.334425740334,
            "max": 15383.51728464
        },
        "brightness_mean": {
            "count": 9823.0,
            "mean": 142.6894104987933,
            "std": 33.69389854177229,
            "min": 45.02519132653061,
            "25%": 116.96380813953488,
            "50%": 140.82208625637756,
            "75%": 167.29257363574044,
            "max": 246.6817088922007
        },
        "contrast": {
            "count": 9823.0,
            "mean": 111.86449817026211,
            "std": 118.30129151928651,
            "min": 0.3863574774924398,
            "25%": 22.844841047405502,
            "50%": 91.91565903267137,
            "75%": 149.72896211364503,
            "max": 2231.5788888888883
        },
        "noise_level": {
            "count": 9823.0,
            "mean": -0.023250414405088158,
            "std": 0.02594053323006975,
            "min": -0.13582894487419175,
            "25%": -0.04084738362948492,
            "50%": -0.011408625636509868,
            "75%": -0.0027804228225932785,
            "max": 0.14455779983961198
        }
    },
    "feature_importance": {
        "blurriness": 305.61752758925985,
        "brightness_mean": 19.32155064349591,
        "brightness_std": 15.914508349343912,
        "contrast": 60.39494306956088,
        "noise_level": 0.017724316711341274,
        "saturation_mean": 9.738862729102781,
        "saturation_std": 16.741353878082013,
        "mean_h": 18.610181164605592,
        "mean_s": 9.738862729102781,
        "mean_v": 21.173534440053615,
        "std_h": 9.337014421998143,
        "std_s": 16.741353878082013,
        "std_v": 11.90227008226323,
        "dissimilarity": 0.9817451334758014,
        "homogeneity": 0.08891399851476299,
        "energy": 0.09127344028305846,
        "correlation": 0.01245619385661857,
        "edge_density": 3.525068741185308,
        "edge_intensity": 3.525068741185308,
        "area": 718.3075404763858,
        "perimeter": 234.01797937785489,
        "circularity": 0.08143269762414215
    }
}